<section id="installation">
<title>Install</title>

<procedure>
<step><para>Test whether Python 2.0 or greater is installed by typing <userinput>python</userinput> at the command line.  If Python hasn't been installed, download and install it from <ulink url="http://www.python.org"/>.</para></step>

<step><para>Download and install WordNet 2.0 from <ulink url="http://www.cogsci.princeton.edu/~wn/"/>.</para></step>

<step><para>Download PyWordNet from <ulink url="http://sourceforge.net/projects/pywordnet"/>.</para></step>

<step><para>(Windows) Run <filename>pywordnet.exe</filename>.</para></step>

<step><para>(Other operating systems) Unpack PyWordNet.  In the directory that contains the unpacked files, type <userinput>python setup.py install</userinput> at the command line.</para></step>

<step><para>Type <userinput>python</userinput> at the command line, and try the <link linkend="examples">examples</link>.</para></step>
</procedure>

</section>